﻿<?xml version="1.0" encoding="utf-8"?>
<firmwarepackage xmlns="http://schemas.microsoft.com/ResponsePoint/FirmwarePackageDescription/1.0">
  <packagedescription>
    <targetversion>01.02.04e</targetversion>
    <releasedate>May 11, 2009</releasedate>
  </packagedescription>
  <device>
    <type>ata</type>
    <manufacturer>D-LINK</manufacturer>
    <model>DVG-3104MS</model>
    <user name="admin" password="admin" />
  </device>
  <steps version="01.02.04e">
    <step type="operation" waitforreboot="true" protocol="http" port="9999" url="/firmware.htm" method="POST" contenttype="multipart/form-data; boundary=---------------------------925161907639">
      <body><![CDATA[-----------------------------925161907639
Content-Disposition: form-data; name="image_type"

flash
-----------------------------925161907639
Content-Disposition: form-data; name="reboot"

0
-----------------------------925161907639
Content-Disposition: form-data; name="firmware"; filename="DVG-3104MS_010204e.flash"
Content-Type: application/octet-stream

]]></body>
      <file>01.02.04e/DVG-3104MS_010204e.flash</file>
  <body><![CDATA[-----------------------------925161907639--
]]></body>
    </step>
    <step type="operation" waitforreboot="true" protocol="http" port="9999" url="/firmware.htm" method="POST" contenttype="multipart/form-data; boundary=---------------------------925161907639">
      <body><![CDATA[-----------------------------925161907639
Content-Disposition: form-data; name="image_type"

flash
-----------------------------925161907639
Content-Disposition: form-data; name="reboot"

1
-----------------------------925161907639
Content-Disposition: form-data; name="firmware"; filename="DVG-3104MS_010204e.flash"
Content-Type: application/octet-stream

]]></body>
      <file>01.02.04e/DVG-3104MS_010204e.flash</file>
  <body><![CDATA[-----------------------------925161907639--
]]></body>
    </step>
  </steps>
</firmwarepackage>